model,test_R2,test_MAE
Persistence baseline,0.0015102059479312757,0.0046471957325684545
Random Forest (tuned),0.33759154739227093,0.003768291355862903
