model,MAE,RMSE,R2
Baseline: rolling_volatility_20d,0.0046471957325684545,0.007130185107893033,0.0015102059479312757
Random Forest (tuned),0.004062360504344526,0.006517433525385071,0.16575187140381764
