model,MAE,RMSE,R2
Baseline: rolling_volatility_20d,0.0046471957325684545,0.007130185107893034,0.0015102059479311647
Linear Regression,0.003941,0.005984,0.296699
Ridge Regression,0.003942661004375078,0.005984411083238495,0.29662835320918035
