model,MAE,RMSE,R2
Baseline: rolling_volatility_20d,0.0046471957325684545,0.007130185107893034,0.0015102059479311647
Linear Regression,0.0051072188197488,0.0074556584789829,-0.0917269536852734
Ridge Regression,0.005102853965779337,0.0074515057607370885,-0.09051113301401426
