model,MAE,RMSE,R2
Baseline: rolling_volatility_20d,0.0046471957325684545,0.007130185107893034,0.0015102059479311647
Gradient Boosting,0.0041125789289306715,0.00604766099268281,0.28168175522837346
