model,MAE,RMSE,R2
Baseline: rolling_volatility_20d,0.0046471957325684545,0.007130185107893034,0.0015102059479311647
Gradient Boosting,0.0040038691547422565,0.006071188079806599,0.27608196758195913
