model,MAE,RMSE,R2
Baseline: rolling_volatility_20d,0.004017523822350862,0.006627505988653324,-0.41924337560849434
"GARCH(1,1)",0.003815100324075373,0.00602698570372313,-0.1736995572199329
