model,MAE,RMSE,R2
Baseline: rolling_volatility_20d,0.0046471957325684545,0.007130185107893034,0.0015102059479311647
Linear Regression,0.003941285132622469,0.005984109103552364,0.29669933716636976
