model,MAE,RMSE,R2
Baseline: rolling_volatility_20d,0.0046471957325684545,0.007130185107893034,0.0015102059479311647
Linear Regression,0.005107218819748857,0.007455658478982974,-0.0917269536852734
